date,open,high,low,close,volume,symbol,name
2021-07-23,1005.0000,1005.0000,951.0000,978.3000,6413,541450.BSE,Adani Green Energy Limited
2021-07-22,949.0000,984.9500,892.0000,981.4000,19908,541450.BSE,Adani Green Energy Limited
2021-07-20,955.0000,959.0000,927.3500,938.0500,28072,541450.BSE,Adani Green Energy Limited
2021-07-19,1010.0000,1010.0000,970.0000,976.1500,180489,541450.BSE,Adani Green Energy Limited
2021-07-16,1000.0000,1020.0000,980.0000,1003.8500,8653,541450.BSE,Adani Green Energy Limited
2021-07-15,953.0000,1005.0000,953.0000,994.9500,8561,541450.BSE,Adani Green Energy Limited
2021-07-14,1010.0000,1010.0000,955.9500,972.5000,25713,541450.BSE,Adani Green Energy Limited
2021-07-13,1019.9500,1020.0000,980.0000,991.6500,11102,541450.BSE,Adani Green Energy Limited
2021-07-12,1025.0000,1030.0000,1000.0000,1002.2000,190051,541450.BSE,Adani Green Energy Limited
2021-07-09,1038.9000,1038.9000,1001.5000,1020.5000,7446,541450.BSE,Adani Green Energy Limited
2021-07-08,1021.9000,1045.0000,975.0000,1022.8000,21827,541450.BSE,Adani Green Energy Limited
2021-07-07,1007.2000,1053.0000,955.9000,1021.9000,31447,541450.BSE,Adani Green Energy Limited
2021-07-06,910.4000,1006.2000,910.4000,1006.2000,29586,541450.BSE,Adani Green Energy Limited
2021-07-05,987.0000,987.0000,958.3000,958.3000,33759,541450.BSE,Adani Green Energy Limited
2021-07-02,1040.0000,1040.0000,1008.7000,1008.7000,36199,541450.BSE,Adani Green Energy Limited
2021-07-01,1139.0000,1139.0000,1061.1000,1061.7500,26425,541450.BSE,Adani Green Energy Limited
2021-06-30,1101.5000,1140.0000,1101.5000,1116.9000,8511,541450.BSE,Adani Green Energy Limited
2021-06-29,1125.0000,1140.0000,1101.3500,1117.9500,22350,541450.BSE,Adani Green Energy Limited
2021-06-28,1160.0000,1160.0000,1115.0000,1126.9000,15384,541450.BSE,Adani Green Energy Limited
2021-06-25,1127.0000,1165.0000,1100.0000,1160.5500,11705,541450.BSE,Adani Green Energy Limited
2021-06-24,1160.0000,1160.0000,1104.7500,1131.0000,13469,541450.BSE,Adani Green Energy Limited
2021-06-23,1189.0000,1193.9000,1115.0000,1157.8000,41648,541450.BSE,Adani Green Energy Limited
2021-06-22,1160.0000,1171.6000,1159.9000,1171.1500,32666,541450.BSE,Adani Green Energy Limited
2021-06-21,1055.0000,1115.8500,1009.6500,1115.8500,42635,541450.BSE,Adani Green Energy Limited
2021-06-18,1057.7000,1112.5000,1057.7000,1062.7500,81356,541450.BSE,Adani Green Energy Limited
2021-06-17,1112.7000,1140.0000,1112.7000,1113.3500,51447,541450.BSE,Adani Green Energy Limited
2021-06-16,1203.0000,1220.0000,1155.0000,1171.2500,27124,541450.BSE,Adani Green Energy Limited
2021-06-15,1200.0000,1234.7000,1150.0000,1208.7500,51494,541450.BSE,Adani Green Energy Limited
2021-06-14,1165.3500,1250.0000,1165.3500,1175.9500,186621,541450.BSE,Adani Green Energy Limited
2021-06-11,1232.0000,1258.0000,1200.0000,1226.6500,49081,541450.BSE,Adani Green Energy Limited
2021-06-10,1250.0000,1270.0000,1195.0000,1241.1500,47472,541450.BSE,Adani Green Energy Limited
2021-06-09,1265.0000,1275.2000,1230.0000,1245.8000,23536,541450.BSE,Adani Green Energy Limited
2021-06-08,1275.0000,1277.0000,1240.0000,1266.7000,90104,541450.BSE,Adani Green Energy Limited
2021-06-07,1297.0000,1297.0000,1263.5000,1265.3500,51262,541450.BSE,Adani Green Energy Limited
2021-06-04,1298.0000,1308.8500,1271.9000,1277.2000,101851,541450.BSE,Adani Green Energy Limited
2021-06-03,1319.8000,1320.0000,1281.0500,1287.1000,107157,541450.BSE,Adani Green Energy Limited
2021-06-02,1279.9000,1318.4000,1275.5000,1299.8000,154371,541450.BSE,Adani Green Energy Limited
2021-06-01,1270.0000,1279.2000,1249.2500,1271.9500,52357,541450.BSE,Adani Green Energy Limited
2021-05-31,1250.0000,1285.0000,1242.1500,1267.2500,82854,541450.BSE,Adani Green Energy Limited
2021-05-28,1296.0000,1296.0000,1235.0000,1240.2000,55693,541450.BSE,Adani Green Energy Limited
2021-05-27,1285.0000,1305.0000,1230.0000,1263.7000,134831,541450.BSE,Adani Green Energy Limited
2021-05-26,1322.1000,1335.2000,1248.9000,1265.2500,127268,541450.BSE,Adani Green Energy Limited
2021-05-25,1394.0000,1394.0000,1301.0000,1314.6000,170755,541450.BSE,Adani Green Energy Limited
2021-05-24,1315.0000,1365.4500,1300.4500,1362.2500,266587,541450.BSE,Adani Green Energy Limited
2021-05-21,1284.0000,1321.0500,1271.2500,1300.4500,157132,541450.BSE,Adani Green Energy Limited
2021-05-20,1268.5500,1289.0000,1239.7000,1268.9500,184387,541450.BSE,Adani Green Energy Limited
2021-05-19,1250.0000,1258.8500,1151.6000,1244.3000,361983,541450.BSE,Adani Green Energy Limited
2021-05-18,1195.0000,1199.6500,1175.6500,1198.9500,178494,541450.BSE,Adani Green Energy Limited
2021-05-17,1139.0000,1142.5500,1139.0000,1142.5500,107194,541450.BSE,Adani Green Energy Limited
2021-05-14,1040.0500,1097.4000,1040.0500,1088.1500,105620,541450.BSE,Adani Green Energy Limited
2021-05-12,1077.6500,1085.4500,1034.0000,1050.0000,29102,541450.BSE,Adani Green Energy Limited
2021-05-11,1092.2000,1094.0000,1071.2000,1077.6500,51026,541450.BSE,Adani Green Energy Limited
2021-05-10,1110.0000,1120.0000,1098.2500,1102.9500,18619,541450.BSE,Adani Green Energy Limited
2021-05-07,1114.0000,1125.8000,1083.5000,1102.7000,50055,541450.BSE,Adani Green Energy Limited
2021-05-06,1089.9500,1108.0000,1072.0000,1099.0000,108507,541450.BSE,Adani Green Energy Limited
2021-05-05,1058.5000,1080.4000,1030.0000,1065.8500,84869,541450.BSE,Adani Green Energy Limited
2021-05-04,1059.9500,1062.2000,1033.3000,1046.4500,70426,541450.BSE,Adani Green Energy Limited
2021-05-03,1003.0000,1044.4000,998.6000,1036.5000,65512,541450.BSE,Adani Green Energy Limited
2021-04-30,1045.0000,1045.0500,1011.4500,1019.0000,53330,541450.BSE,Adani Green Energy Limited
2021-04-29,1053.0500,1065.9000,1050.0000,1056.2000,15407,541450.BSE,Adani Green Energy Limited
2021-04-28,1055.0000,1074.4000,1045.5500,1054.3500,16824,541450.BSE,Adani Green Energy Limited
2021-04-27,1045.0000,1065.9500,1044.9500,1054.2500,15379,541450.BSE,Adani Green Energy Limited
2021-04-26,1053.0000,1061.1500,1045.5000,1049.1500,15227,541450.BSE,Adani Green Energy Limited
2021-04-23,1028.0000,1064.0000,1028.0000,1052.4000,29988,541450.BSE,Adani Green Energy Limited
2021-04-22,1040.0500,1053.1500,1008.6500,1029.6500,33549,541450.BSE,Adani Green Energy Limited
2021-04-20,1068.0000,1088.7500,1037.6000,1043.5500,23627,541450.BSE,Adani Green Energy Limited
2021-04-19,1108.0000,1108.0000,1052.3000,1055.7000,34225,541450.BSE,Adani Green Energy Limited
2021-04-16,1135.0000,1148.0500,1099.0000,1107.6500,34845,541450.BSE,Adani Green Energy Limited
2021-04-15,1103.0500,1144.0000,1086.1500,1121.5500,32949,541450.BSE,Adani Green Energy Limited
2021-04-13,1040.1000,1137.1500,1034.1500,1113.3500,125276,541450.BSE,Adani Green Energy Limited
2021-04-12,1122.0500,1130.2000,1085.8000,1085.8000,58998,541450.BSE,Adani Green Energy Limited
2021-04-09,1167.0000,1180.0000,1111.0000,1142.9000,61600,541450.BSE,Adani Green Energy Limited
2021-04-08,1179.9500,1215.0000,1160.0000,1166.1000,211208,541450.BSE,Adani Green Energy Limited
2021-04-07,1215.2000,1225.0000,1157.1500,1194.7500,103392,541450.BSE,Adani Green Energy Limited
2021-04-06,1184.0000,1208.0000,1151.8000,1194.5500,95355,541450.BSE,Adani Green Energy Limited
2021-04-05,1161.0000,1210.0000,1126.0500,1168.6000,57233,541450.BSE,Adani Green Energy Limited
2021-04-01,1105.0000,1159.5000,1105.0000,1159.5000,24939,541450.BSE,Adani Green Energy Limited
2021-03-31,1165.0000,1165.0000,1098.8000,1104.3000,52042,541450.BSE,Adani Green Energy Limited
2021-03-30,1220.0000,1230.0000,1151.0000,1156.6000,32770,541450.BSE,Adani Green Energy Limited
2021-03-26,1215.1000,1260.0000,1180.0000,1211.5500,63573,541450.BSE,Adani Green Energy Limited
2021-03-25,1300.0000,1301.0000,1228.0000,1228.0000,67141,541450.BSE,Adani Green Energy Limited
2021-03-24,1300.0000,1341.6000,1269.0000,1292.6000,84421,541450.BSE,Adani Green Energy Limited
2021-03-23,1306.0000,1313.6000,1279.4500,1312.2000,154514,541450.BSE,Adani Green Energy Limited
2021-03-22,1251.0500,1251.0500,1233.4000,1251.0500,30208,541450.BSE,Adani Green Energy Limited
2021-03-19,1134.8000,1191.5000,1081.0000,1191.5000,29178,541450.BSE,Adani Green Energy Limited
2021-03-18,1171.0000,1185.7500,1121.0000,1134.8000,22611,541450.BSE,Adani Green Energy Limited
2021-03-17,1224.0000,1239.5000,1158.3000,1163.5000,24152,541450.BSE,Adani Green Energy Limited
2021-03-16,1205.0000,1245.0000,1197.3500,1219.2500,68881,541450.BSE,Adani Green Energy Limited
2021-03-15,1188.0000,1205.0000,1137.2500,1197.3500,33707,541450.BSE,Adani Green Energy Limited
2021-03-12,1186.0500,1200.0000,1153.0500,1160.3000,34328,541450.BSE,Adani Green Energy Limited
2021-03-10,1175.0000,1192.0000,1167.3500,1185.6500,43765,541450.BSE,Adani Green Energy Limited
2021-03-09,1180.0000,1180.0000,1137.9500,1168.2500,15952,541450.BSE,Adani Green Energy Limited
2021-03-08,1172.1000,1185.8000,1163.2500,1171.3000,15793,541450.BSE,Adani Green Energy Limited
2021-03-05,1180.0000,1205.9500,1160.0000,1171.0500,69963,541450.BSE,Adani Green Energy Limited
2021-03-04,1188.9000,1201.4500,1164.7000,1185.1500,159991,541450.BSE,Adani Green Energy Limited
2021-03-03,1181.0000,1190.0000,1133.6500,1174.8000,25658,541450.BSE,Adani Green Energy Limited
2021-03-02,1141.1000,1175.0000,1133.6500,1162.5500,22602,541450.BSE,Adani Green Energy Limited
2021-03-01,1170.0000,1170.0000,1131.3000,1140.5500,42726,541450.BSE,Adani Green Energy Limited
2021-02-26,1122.0000,1185.6500,1075.7500,1168.0500,177873,541450.BSE,Adani Green Energy Limited
2021-02-25,1180.0000,1192.0000,1118.0000,1129.2000,169501,541450.BSE,Adani Green Energy Limited
2021-02-24,1213.7000,1213.7000,1155.1500,1167.3500,74373,541450.BSE,Adani Green Energy Limited
2021-02-23,1160.0000,1197.5500,1159.9500,1194.4500,184785,541450.BSE,Adani Green Energy Limited
2021-02-22,1100.0000,1151.0500,1100.0000,1140.5500,105261,541450.BSE,Adani Green Energy Limited
2021-02-19,1109.0500,1127.9500,1070.0000,1118.4000,89867,541450.BSE,Adani Green Energy Limited
2021-02-18,1108.9500,1128.5000,1085.7500,1114.4000,38760,541450.BSE,Adani Green Energy Limited
2021-02-17,1080.0000,1121.3000,1053.0000,1102.8000,144398,541450.BSE,Adani Green Energy Limited
2021-02-16,1058.9000,1107.4000,1048.9500,1067.9500,83455,541450.BSE,Adani Green Energy Limited
2021-02-15,1068.0000,1080.0000,1038.3000,1054.7000,26020,541450.BSE,Adani Green Energy Limited
2021-02-12,1074.0000,1081.0000,1044.0000,1061.2000,23720,541450.BSE,Adani Green Energy Limited
2021-02-11,1087.7000,1090.0000,1052.0000,1062.4500,23431,541450.BSE,Adani Green Energy Limited
2021-02-10,1080.0000,1098.8500,1061.0000,1076.1500,31790,541450.BSE,Adani Green Energy Limited
2021-02-09,1063.0000,1114.6000,1031.1000,1085.3500,79067,541450.BSE,Adani Green Energy Limited
2021-02-08,1079.8000,1096.7500,1051.2000,1061.5500,17452,541450.BSE,Adani Green Energy Limited
2021-02-05,1108.0000,1131.1500,1055.0000,1076.0500,42506,541450.BSE,Adani Green Energy Limited
2021-02-04,1045.0000,1077.3000,1042.6000,1077.3000,212040,541450.BSE,Adani Green Energy Limited
2021-02-03,1036.0000,1045.0000,1017.6500,1026.0000,42911,541450.BSE,Adani Green Energy Limited
2021-02-02,1037.7500,1047.1500,1006.5500,1032.8500,25669,541450.BSE,Adani Green Energy Limited
2021-02-01,1008.0000,1040.5500,1007.0000,1022.9000,26170,541450.BSE,Adani Green Energy Limited
2021-01-29,1040.0000,1049.1000,980.6500,1003.7500,35298,541450.BSE,Adani Green Energy Limited
2021-01-28,1019.7500,1038.7500,1016.4000,1032.2500,145566,541450.BSE,Adani Green Energy Limited
2021-01-27,1045.0000,1049.8500,1022.3000,1027.6000,22763,541450.BSE,Adani Green Energy Limited
2021-01-25,1064.8000,1064.8000,1006.5000,1029.9000,29851,541450.BSE,Adani Green Energy Limited
2021-01-22,1048.0000,1064.8500,1035.0000,1047.4500,34338,541450.BSE,Adani Green Energy Limited
2021-01-21,1021.3500,1055.0000,1010.0000,1048.0500,192112,541450.BSE,Adani Green Energy Limited
2021-01-20,997.0000,1026.0000,978.0500,1020.5500,193008,541450.BSE,Adani Green Energy Limited
2021-01-19,980.0000,1001.1000,965.6500,997.0500,177734,541450.BSE,Adani Green Energy Limited
2021-01-18,954.0000,978.0000,920.5500,953.4500,36291738,541450.BSE,Adani Green Energy Limited
2021-01-15,1015.9000,1015.9000,939.2500,947.5500,115222,541450.BSE,Adani Green Energy Limited
2021-01-14,928.0000,967.5500,924.4500,967.5500,207715,541450.BSE,Adani Green Energy Limited
2021-01-13,926.0000,935.0000,899.2000,921.5000,20267289,541450.BSE,Adani Green Energy Limited
2021-01-12,976.4000,990.5000,921.1500,925.2000,110918,541450.BSE,Adani Green Energy Limited
2021-01-11,1017.1000,1025.0000,964.2000,967.9500,144643,541450.BSE,Adani Green Energy Limited
2021-01-08,1072.4000,1075.6000,1010.3500,1014.9000,140583,541450.BSE,Adani Green Energy Limited
2021-01-07,1111.0500,1114.0000,1051.2500,1063.5000,137606,541450.BSE,Adani Green Energy Limited
2021-01-06,1096.5500,1110.9500,1080.0000,1106.5500,83360,541450.BSE,Adani Green Energy Limited
2021-01-05,1066.0000,1106.9500,1064.1500,1096.5500,23702,541450.BSE,Adani Green Energy Limited
2021-01-04,1086.0000,1088.0000,1069.9500,1081.5500,67832,541450.BSE,Adani Green Energy Limited
2021-01-01,1053.0500,1075.0000,1053.0500,1066.1500,11958,541450.BSE,Adani Green Energy Limited
2020-12-31,1068.5000,1090.7000,1043.1500,1052.5500,44126,541450.BSE,Adani Green Energy Limited
2020-12-30,1036.3000,1060.0000,1028.2000,1051.3500,17750,541450.BSE,Adani Green Energy Limited
2020-12-29,1040.5000,1045.0000,1026.0000,1038.2000,14394,541450.BSE,Adani Green Energy Limited
2020-12-28,1045.9000,1045.9000,1025.8000,1037.5000,16776,541450.BSE,Adani Green Energy Limited
2020-12-24,1065.0000,1065.0000,1021.0000,1035.8000,25209,541450.BSE,Adani Green Energy Limited
2020-12-23,1029.5000,1049.0000,1013.9000,1044.2500,30986,541450.BSE,Adani Green Energy Limited
2020-12-22,986.4500,1039.0000,975.0000,1029.5000,133863,541450.BSE,Adani Green Energy Limited
2020-12-21,1016.0000,1039.7000,971.0000,1020.5500,156977,541450.BSE,Adani Green Energy Limited
2020-12-18,1040.0500,1058.0000,1002.0000,1016.1500,33957,541450.BSE,Adani Green Energy Limited
2020-12-17,1020.1000,1059.1000,1014.5000,1041.1000,34738,541450.BSE,Adani Green Energy Limited
2020-12-16,1016.2000,1030.0000,1011.0000,1018.4000,21212,541450.BSE,Adani Green Energy Limited
2020-12-15,1004.5000,1020.0000,999.9500,1012.8000,75091,541450.BSE,Adani Green Energy Limited
2020-12-14,1034.9000,1034.9000,996.1000,1012.0000,34241,541450.BSE,Adani Green Energy Limited
2020-12-11,1000.0000,1056.3500,985.0000,1041.1000,118838,541450.BSE,Adani Green Energy Limited
2020-12-10,1070.0000,1070.0000,1030.0000,1036.0500,31254,541450.BSE,Adani Green Energy Limited
2020-12-09,1104.8000,1109.3000,1050.0000,1064.7000,46165,541450.BSE,Adani Green Energy Limited
2020-12-08,1108.5500,1122.0500,1088.0000,1097.8000,87752,541450.BSE,Adani Green Energy Limited
2020-12-07,1130.2000,1140.3500,1072.7500,1108.5500,74541,541450.BSE,Adani Green Energy Limited
2020-12-04,1145.5000,1159.0000,1122.7000,1129.2000,95825,541450.BSE,Adani Green Energy Limited
2020-12-03,1149.0000,1159.0000,1126.1500,1145.3000,168650,541450.BSE,Adani Green Energy Limited
2020-12-02,1135.0000,1154.8000,1113.0000,1144.9000,39036,541450.BSE,Adani Green Energy Limited
2020-12-01,1132.1000,1155.6500,1080.8500,1133.8500,63026,541450.BSE,Adani Green Energy Limited
2020-11-27,1102.0000,1159.5000,1072.6500,1120.8000,168620,541450.BSE,Adani Green Energy Limited
2020-11-26,1087.5500,1142.5000,1087.5500,1104.3000,178890,541450.BSE,Adani Green Energy Limited
2020-11-25,1209.8000,1209.8000,1144.7500,1144.7500,31821,541450.BSE,Adani Green Energy Limited
2020-11-24,1197.2000,1220.0000,1180.0000,1204.9500,180294,541450.BSE,Adani Green Energy Limited
2020-11-23,1150.2500,1191.4000,1140.1500,1180.0000,205411,541450.BSE,Adani Green Energy Limited
2020-11-20,1036.0000,1138.0000,1036.0000,1135.5500,338725,541450.BSE,Adani Green Energy Limited
2020-11-19,1082.0000,1090.0000,1051.0000,1083.8500,167624,541450.BSE,Adani Green Energy Limited
2020-11-18,1080.0000,1098.0000,1031.6500,1079.1500,292842,541450.BSE,Adani Green Energy Limited
2020-11-17,1025.0000,1059.1000,1023.5000,1058.7500,343884,541450.BSE,Adani Green Energy Limited
2020-11-13,944.0000,988.1500,944.0000,988.1500,249999,541450.BSE,Adani Green Energy Limited
2020-11-12,917.0000,941.1500,902.0500,941.1000,141210,541450.BSE,Adani Green Energy Limited
2020-11-11,865.5500,896.3500,865.5500,896.3500,84974,541450.BSE,Adani Green Energy Limited
2020-11-10,919.9000,923.0000,852.7000,853.7000,101572,541450.BSE,Adani Green Energy Limited
2020-11-09,875.0000,902.9000,865.9000,897.5500,201159,541450.BSE,Adani Green Energy Limited
2020-11-06,853.0000,875.0000,853.0000,859.9500,79283,541450.BSE,Adani Green Energy Limited
2020-11-05,798.6000,870.0000,798.6000,854.5500,166355,541450.BSE,Adani Green Energy Limited
2020-11-04,816.0000,861.9500,816.0000,840.6000,477229,541450.BSE,Adani Green Energy Limited
2020-11-03,884.0000,894.1500,816.2000,831.5000,148927,541450.BSE,Adani Green Energy Limited
2020-11-02,852.0000,899.0500,841.6500,859.1500,278824,541450.BSE,Adani Green Energy Limited
2020-10-30,837.0000,856.2500,833.7500,856.2500,151524,541450.BSE,Adani Green Energy Limited
2020-10-29,750.0000,815.5000,750.0000,815.5000,46615,541450.BSE,Adani Green Energy Limited
2020-10-28,776.7000,776.7000,765.0000,776.7000,780467,541450.BSE,Adani Green Energy Limited
2020-10-27,722.0000,739.7500,716.7000,739.7500,42126,541450.BSE,Adani Green Energy Limited
2020-10-26,722.0000,723.1500,701.0000,704.5500,23918,541450.BSE,Adani Green Energy Limited
2020-10-23,735.9500,736.7500,712.0000,718.9000,40383,541450.BSE,Adani Green Energy Limited
2020-10-22,686.0000,726.8500,686.0000,726.8500,82633,541450.BSE,Adani Green Energy Limited
2020-10-21,686.0000,712.7000,676.6000,692.2500,86861,541450.BSE,Adani Green Energy Limited
2020-10-20,693.0000,708.0000,685.5000,689.1500,53606,541450.BSE,Adani Green Energy Limited
2020-10-19,714.6000,715.1000,695.1000,702.8000,29570,541450.BSE,Adani Green Energy Limited
2020-10-16,703.6000,717.9500,700.0000,704.9500,72094,541450.BSE,Adani Green Energy Limited
2020-10-15,730.0000,735.0000,698.1000,704.7000,157136,541450.BSE,Adani Green Energy Limited
2020-10-14,717.9500,734.9500,705.8500,727.8000,191192,541450.BSE,Adani Green Energy Limited
2020-10-13,669.0000,706.7000,661.0500,706.7000,313556,541450.BSE,Adani Green Energy Limited
2020-10-12,684.0000,701.9000,661.0000,673.0500,42494,541450.BSE,Adani Green Energy Limited
2020-10-09,699.0000,712.7500,681.0000,683.8500,40440,541450.BSE,Adani Green Energy Limited
2020-10-08,697.0000,725.0000,664.7500,695.8000,194772,541450.BSE,Adani Green Energy Limited
2020-10-07,720.0000,729.0000,699.6000,699.7000,194684,541450.BSE,Adani Green Energy Limited
2020-10-06,754.6000,754.6000,725.0000,736.4000,43120,541450.BSE,Adani Green Energy Limited
2020-10-05,770.0000,772.3000,730.0000,749.2500,51954,541450.BSE,Adani Green Energy Limited
2020-10-01,745.0000,755.0000,714.0500,747.0500,205128,541450.BSE,Adani Green Energy Limited
2020-09-30,749.9000,749.9000,686.2500,737.8500,981792,541450.BSE,Adani Green Energy Limited
2020-09-29,714.2000,714.2000,714.2000,714.2000,95331,541450.BSE,Adani Green Energy Limited
2020-09-28,680.2000,680.2000,680.2000,680.2000,113976,541450.BSE,Adani Green Energy Limited
2020-09-25,647.0000,647.8500,627.2000,647.8500,70703,541450.BSE,Adani Green Energy Limited
2020-09-24,558.9500,617.7500,558.9500,617.0000,305463,541450.BSE,Adani Green Energy Limited
2020-09-23,617.5000,630.6000,588.3500,588.3500,75056,541450.BSE,Adani Green Energy Limited
2020-09-22,636.0000,649.0000,619.3000,619.3000,192927,541450.BSE,Adani Green Energy Limited
2020-09-21,682.9500,686.0000,645.9000,651.8500,71338,541450.BSE,Adani Green Energy Limited
2020-09-18,675.0000,688.0000,633.6000,664.6000,239768,541450.BSE,Adani Green Energy Limited
2020-09-17,670.0000,675.0000,650.0000,666.9000,190101,541450.BSE,Adani Green Energy Limited
2020-09-16,695.2000,699.0000,643.3500,675.6000,218783,541450.BSE,Adani Green Energy Limited
2020-09-15,657.0000,670.6500,648.0000,670.6500,268522,541450.BSE,Adani Green Energy Limited
2020-09-14,624.9500,638.8500,622.0000,638.7500,185341,541450.BSE,Adani Green Energy Limited
2020-09-11,589.9500,608.5500,579.8500,608.4500,114256,541450.BSE,Adani Green Energy Limited
2020-09-10,598.6000,619.0000,570.0000,579.6000,187219,541450.BSE,Adani Green Energy Limited
2020-09-09,554.0000,592.5500,536.1500,590.3000,127739,541450.BSE,Adani Green Energy Limited
2020-09-08,554.5000,579.0000,542.7000,564.3500,85713,541450.BSE,Adani Green Energy Limited
2020-09-07,521.0500,571.0000,517.4500,552.9500,556335,541450.BSE,Adani Green Energy Limited
2020-09-04,544.6500,550.0000,544.6500,544.6500,210020,541450.BSE,Adani Green Energy Limited
2020-09-03,560.3500,573.3000,558.2500,573.3000,638136,541450.BSE,Adani Green Energy Limited
2020-09-02,508.0000,546.0000,502.0000,546.0000,689014,541450.BSE,Adani Green Energy Limited
2020-09-01,451.3000,498.9500,451.3000,496.4000,468967,541450.BSE,Adani Green Energy Limited
2020-08-31,465.8500,497.5500,420.6000,453.6000,460772,541450.BSE,Adani Green Energy Limited
2020-08-28,434.2500,472.0000,434.2500,462.1500,224352,541450.BSE,Adani Green Energy Limited
2020-08-27,429.4500,442.5000,425.0000,432.2000,90925,541450.BSE,Adani Green Energy Limited
2020-08-26,423.4500,439.0000,419.6000,427.4500,274353,541450.BSE,Adani Green Energy Limited
2020-08-25,425.0000,435.0000,400.0000,424.8000,344048,541450.BSE,Adani Green Energy Limited
2020-08-24,369.0000,414.3000,369.0000,414.3000,480561,541450.BSE,Adani Green Energy Limited
2020-08-21,381.9000,384.2000,375.2500,376.6500,56319,541450.BSE,Adani Green Energy Limited
2020-08-20,377.9000,380.0000,366.0500,374.8000,69065,541450.BSE,Adani Green Energy Limited
2020-08-19,376.0000,384.0000,368.3000,370.7500,48068,541450.BSE,Adani Green Energy Limited
2020-08-18,367.8500,375.0000,367.6000,373.5000,63284,541450.BSE,Adani Green Energy Limited
2020-08-17,358.0000,369.9500,355.1000,366.1000,134251,541450.BSE,Adani Green Energy Limited
2020-08-14,362.0000,367.0000,351.2000,357.7000,75619,541450.BSE,Adani Green Energy Limited
2020-08-13,366.9500,369.4000,361.0000,361.9500,29810,541450.BSE,Adani Green Energy Limited
2020-08-12,362.8500,369.5000,352.6500,362.2500,48475,541450.BSE,Adani Green Energy Limited
2020-08-11,373.4500,376.4500,359.8500,360.6000,49676,541450.BSE,Adani Green Energy Limited
2020-08-10,385.0000,388.7500,370.6000,373.4500,180573,541450.BSE,Adani Green Energy Limited
2020-08-07,345.0000,375.6500,342.6500,371.0000,184580,541450.BSE,Adani Green Energy Limited
2020-08-06,347.5000,347.5000,340.1500,341.5000,27450,541450.BSE,Adani Green Energy Limited
2020-08-05,348.0000,348.7000,342.0000,342.6000,29157,541450.BSE,Adani Green Energy Limited
2020-08-04,340.0000,347.5000,340.0000,343.1500,33999,541450.BSE,Adani Green Energy Limited
2020-08-03,342.0000,346.9500,336.5000,339.6500,88266,541450.BSE,Adani Green Energy Limited
2020-07-31,341.4500,348.8500,338.5000,340.6500,37219,541450.BSE,Adani Green Energy Limited
2020-07-30,337.0000,350.8000,337.0000,341.3000,77536,541450.BSE,Adani Green Energy Limited
2020-07-29,337.0000,345.8000,333.6500,338.1000,51688,541450.BSE,Adani Green Energy Limited
2020-07-28,346.0000,346.0000,336.2500,337.7500,56102,541450.BSE,Adani Green Energy Limited
2020-07-27,347.8000,353.0000,326.0000,342.2000,200981,541450.BSE,Adani Green Energy Limited
2020-07-24,315.0000,336.2000,306.1000,336.2000,158280,541450.BSE,Adani Green Energy Limited
2020-07-23,336.0000,339.6500,319.3000,320.2000,247150,541450.BSE,Adani Green Energy Limited
2020-07-22,342.4000,346.4000,332.5500,336.1000,155207,541450.BSE,Adani Green Energy Limited
2020-07-21,349.6500,354.8500,345.0000,347.7000,60935,541450.BSE,Adani Green Energy Limited
2020-07-20,349.9000,362.9000,348.3000,349.6500,68490,541450.BSE,Adani Green Energy Limited
2020-07-17,351.2000,354.5500,344.6000,347.1000,50446,541450.BSE,Adani Green Energy Limited
2020-07-16,354.2500,359.9500,338.0500,348.1000,79291,541450.BSE,Adani Green Energy Limited
2020-07-15,345.5000,365.5500,345.5000,354.2500,349825,541450.BSE,Adani Green Energy Limited
2020-07-14,364.0500,365.0000,347.0000,348.1500,97501,541450.BSE,Adani Green Energy Limited
2020-07-13,380.0000,382.3500,361.6000,364.4000,215727,541450.BSE,Adani Green Energy Limited
2020-07-10,361.3000,384.0000,356.4500,372.3500,374086,541450.BSE,Adani Green Energy Limited
2020-07-09,378.0000,393.3000,373.3500,373.8000,241000,541450.BSE,Adani Green Energy Limited
2020-07-08,414.0000,425.5000,393.0000,393.0000,389412,541450.BSE,Adani Green Energy Limited
2020-07-07,403.5000,414.1000,375.8000,413.6500,526774,541450.BSE,Adani Green Energy Limited
2020-07-06,394.4000,394.4000,362.1500,394.4000,1085412,541450.BSE,Adani Green Energy Limited
2020-07-03,375.6500,375.6500,375.6500,375.6500,7936,541450.BSE,Adani Green Energy Limited
2020-07-02,323.8000,357.8000,323.8000,357.8000,347498,541450.BSE,Adani Green Energy Limited
2020-07-01,340.8000,340.8000,340.8000,340.8000,12042,541450.BSE,Adani Green Energy Limited
2020-06-30,358.7000,358.7000,358.7000,358.7000,30046,541450.BSE,Adani Green Energy Limited
2020-06-29,377.5500,377.5500,377.5500,377.5500,16449,541450.BSE,Adani Green Energy Limited
2020-06-26,397.4000,397.4000,397.4000,397.4000,11013,541450.BSE,Adani Green Energy Limited
2020-06-25,418.3000,418.3000,418.3000,418.3000,12635,541450.BSE,Adani Green Energy Limited
2020-06-24,486.6000,486.6000,440.3000,440.3000,369128,541450.BSE,Adani Green Energy Limited
2020-06-23,463.6500,463.6500,455.5000,463.4500,231324,541450.BSE,Adani Green Energy Limited
2020-06-22,441.6000,441.6000,438.8000,441.6000,98408,541450.BSE,Adani Green Energy Limited
2020-06-19,420.6000,420.6000,414.0000,420.6000,187403,541450.BSE,Adani Green Energy Limited
2020-06-18,400.6000,400.6000,391.9500,400.6000,208187,541450.BSE,Adani Green Energy Limited
2020-06-17,372.0000,381.5500,371.0000,381.5500,90207,541450.BSE,Adani Green Energy Limited
2020-06-16,357.2000,363.4000,349.7000,363.4000,800753,541450.BSE,Adani Green Energy Limited
2020-06-15,346.0000,351.0000,337.8000,346.1000,139697,541450.BSE,Adani Green Energy Limited
2020-06-12,316.8000,345.0000,315.5000,336.4500,211034,541450.BSE,Adani Green Energy Limited
2020-06-11,344.7500,344.7500,316.5000,332.1000,3521617,541450.BSE,Adani Green Energy Limited
2020-06-10,328.3500,328.3500,327.8000,328.3500,550073,541450.BSE,Adani Green Energy Limited
2020-06-09,309.9000,312.7500,308.0000,312.7500,134091,541450.BSE,Adani Green Energy Limited
2020-06-08,287.7000,298.4000,280.0000,297.9000,105358,541450.BSE,Adani Green Energy Limited
2020-06-05,280.5000,285.9500,272.0000,284.2000,57738,541450.BSE,Adani Green Energy Limited
2020-06-04,275.1000,283.6500,263.3000,273.8500,74077,541450.BSE,Adani Green Energy Limited
2020-06-03,286.8500,286.8500,260.7500,273.1500,179712,541450.BSE,Adani Green Energy Limited
2020-06-02,269.0000,273.2000,265.4500,273.2000,31291,541450.BSE,Adani Green Energy Limited
2020-06-01,253.0000,260.2000,252.1500,260.2000,95120,541450.BSE,Adani Green Energy Limited
2020-05-29,246.0000,250.0000,246.0000,247.8500,17304,541450.BSE,Adani Green Energy Limited
2020-05-28,243.9500,251.5500,241.8500,245.9000,47917,541450.BSE,Adani Green Energy Limited
2020-05-27,242.5000,243.0000,235.0000,242.2500,32384,541450.BSE,Adani Green Energy Limited
2020-05-26,242.0000,243.0000,235.5500,239.7500,30534,541450.BSE,Adani Green Energy Limited
2020-05-22,236.0000,241.5000,232.5000,240.6000,24200,541450.BSE,Adani Green Energy Limited
2020-05-21,234.0000,243.5500,234.0000,234.7500,31465,541450.BSE,Adani Green Energy Limited
2020-05-20,231.9500,235.5000,227.3000,234.5000,32453,541450.BSE,Adani Green Energy Limited
2020-05-19,229.0000,235.0000,229.0000,233.5500,39361,541450.BSE,Adani Green Energy Limited
2020-05-18,236.4000,236.4000,219.0000,229.1000,62708,541450.BSE,Adani Green Energy Limited
2020-05-15,229.5000,230.8000,221.5000,230.1000,46363,541450.BSE,Adani Green Energy Limited
2020-05-14,229.5500,232.0000,220.5500,229.4500,39397,541450.BSE,Adani Green Energy Limited
2020-05-13,233.6000,235.9000,228.0000,231.0500,58620,541450.BSE,Adani Green Energy Limited
2020-05-12,225.0000,229.7000,217.5500,226.1500,65841,541450.BSE,Adani Green Energy Limited
2020-05-11,208.0000,222.7000,208.0000,222.5000,69838,541450.BSE,Adani Green Energy Limited
2020-05-08,215.0000,215.0000,202.7000,212.1000,54645,541450.BSE,Adani Green Energy Limited
2020-05-07,210.0000,212.6500,209.0000,210.3000,11427,541450.BSE,Adani Green Energy Limited
2020-05-06,213.0000,214.0000,206.2000,211.3000,53578,541450.BSE,Adani Green Energy Limited
2020-05-05,216.0000,216.5000,209.3500,210.3500,40311,541450.BSE,Adani Green Energy Limited
2020-05-04,209.5000,218.0000,199.7500,209.4500,131802,541450.BSE,Adani Green Energy Limited
2020-04-30,212.5000,214.0000,207.5000,210.2500,49370,541450.BSE,Adani Green Energy Limited
2020-04-29,204.0000,209.0000,202.4500,207.9000,45006,541450.BSE,Adani Green Energy Limited
2020-04-28,203.0000,204.7000,198.8500,203.4000,38832,541450.BSE,Adani Green Energy Limited
2020-04-27,194.9000,200.9000,194.0000,200.4500,44600,541450.BSE,Adani Green Energy Limited
2020-04-24,203.8000,203.8000,192.5500,196.0500,22453,541450.BSE,Adani Green Energy Limited
2020-04-23,200.0000,201.0000,196.0000,200.0000,29470,541450.BSE,Adani Green Energy Limited
2020-04-22,192.5000,198.4000,185.0000,196.7000,49154,541450.BSE,Adani Green Energy Limited
2020-04-21,200.7500,200.7500,190.9500,191.5000,36964,541450.BSE,Adani Green Energy Limited
2020-04-20,204.9000,204.9000,194.0000,201.0000,47011,541450.BSE,Adani Green Energy Limited
2020-04-17,200.9500,200.9500,193.6500,198.7500,38559,541450.BSE,Adani Green Energy Limited
2020-04-16,186.5000,194.7500,183.0000,193.6500,45574,541450.BSE,Adani Green Energy Limited
2020-04-15,183.3500,191.0000,183.3500,187.8500,54900,541450.BSE,Adani Green Energy Limited
2020-04-13,176.0500,183.5000,167.5000,183.4000,70622,541450.BSE,Adani Green Energy Limited
2020-04-09,173.9500,174.8000,166.5000,174.8000,55226,541450.BSE,Adani Green Energy Limited
2020-04-08,166.8000,166.9500,163.1000,166.5000,63275,541450.BSE,Adani Green Energy Limited
2020-04-07,155.0000,159.8000,149.0000,159.0000,38420,541450.BSE,Adani Green Energy Limited
2020-04-06,152.9500,152.9500,152.9500,152.9500,0,541450.BSE,Adani Green Energy Limited
2020-04-03,158.0000,158.0000,150.5500,152.9500,62295,541450.BSE,Adani Green Energy Limited
2020-04-01,154.6000,159.0000,151.3500,152.6500,11840,541450.BSE,Adani Green Energy Limited
2020-03-31,144.0000,154.6000,144.0000,153.6500,70616,541450.BSE,Adani Green Energy Limited
2020-03-30,145.0000,148.3000,141.3000,147.2500,29131,541450.BSE,Adani Green Energy Limited
2020-03-27,158.0000,158.0000,144.6000,148.7000,45405,541450.BSE,Adani Green Energy Limited
2020-03-26,146.1000,155.5500,142.5500,152.1000,90607,541450.BSE,Adani Green Energy Limited
2020-03-25,137.4500,148.3000,137.4500,148.1500,53704,541450.BSE,Adani Green Energy Limited
2020-03-24,130.0000,141.6500,128.2500,141.2500,64458,541450.BSE,Adani Green Energy Limited
2020-03-23,135.0000,139.0000,134.9500,134.9500,17941,541450.BSE,Adani Green Energy Limited
2020-03-20,142.0000,142.1500,138.5500,142.0500,34451,541450.BSE,Adani Green Energy Limited
2020-03-19,128.0000,135.8000,122.9000,135.4000,70007,541450.BSE,Adani Green Energy Limited
2020-03-18,123.6000,129.4500,118.3000,129.3500,74179,541450.BSE,Adani Green Energy Limited
2020-03-17,117.0000,124.5000,112.7000,123.3000,115452,541450.BSE,Adani Green Energy Limited
2020-03-16,123.4000,128.0000,118.6000,118.6000,84987,541450.BSE,Adani Green Energy Limited
2020-03-13,118.2500,130.6000,118.2000,124.8000,107413,541450.BSE,Adani Green Energy Limited
2020-03-12,124.4000,124.4000,124.4000,124.4000,4020,541450.BSE,Adani Green Energy Limited
2020-03-11,132.0000,136.1000,130.9000,130.9000,124887,541450.BSE,Adani Green Energy Limited
2020-03-09,137.7500,139.0000,137.7500,137.7500,17622,541450.BSE,Adani Green Energy Limited
2020-03-06,146.0000,147.2500,144.9500,144.9500,45417,541450.BSE,Adani Green Energy Limited
2020-03-05,151.0000,158.7000,145.3500,152.5500,143721,541450.BSE,Adani Green Energy Limited
2020-03-04,159.3000,159.4500,151.7000,152.1500,53227,541450.BSE,Adani Green Energy Limited
2020-03-03,161.0500,162.8500,157.0000,159.6500,57382,541450.BSE,Adani Green Energy Limited
2020-03-02,160.0000,162.6000,150.4000,155.2500,177801,541450.BSE,Adani Green Energy Limited
2020-02-28,154.7000,160.0000,154.7000,154.9000,160246,541450.BSE,Adani Green Energy Limited
2020-02-27,165.1000,167.7500,162.8000,162.8000,120505,541450.BSE,Adani Green Energy Limited
2020-02-26,177.9000,177.9000,171.3000,171.3500,107810,541450.BSE,Adani Green Energy Limited
2020-02-25,186.2000,188.9500,178.0000,180.3000,95501,541450.BSE,Adani Green Energy Limited
2020-02-24,192.0000,192.0000,185.2500,185.8500,91999,541450.BSE,Adani Green Energy Limited
2020-02-20,198.2500,198.2500,192.0000,194.9500,122603,541450.BSE,Adani Green Energy Limited
2020-02-19,194.2000,198.7500,191.9500,197.8500,320101,541450.BSE,Adani Green Energy Limited
2020-02-18,199.5500,200.0500,188.5500,189.3000,107251,541450.BSE,Adani Green Energy Limited
2020-02-17,207.1000,208.4500,198.0000,198.4500,89038,541450.BSE,Adani Green Energy Limited
2020-02-14,204.3000,209.7000,201.4000,206.9500,126933,541450.BSE,Adani Green Energy Limited
2020-02-13,209.0000,209.0000,197.7000,199.7500,166157,541450.BSE,Adani Green Energy Limited
2020-02-12,216.0000,216.0000,205.0000,207.5000,90639,541450.BSE,Adani Green Energy Limited
2020-02-11,215.0000,217.3500,208.1500,211.2000,108038,541450.BSE,Adani Green Energy Limited
2020-02-10,219.0000,221.8000,206.9000,213.2000,202746,541450.BSE,Adani Green Energy Limited
2020-02-07,207.8000,212.3000,206.1500,212.3000,293701,541450.BSE,Adani Green Energy Limited
2020-02-06,191.0000,202.2000,190.4500,202.2000,257507,541450.BSE,Adani Green Energy Limited
2020-02-05,195.0000,204.0000,191.0000,192.6000,179158,541450.BSE,Adani Green Energy Limited
2020-02-04,203.4000,205.4000,190.5500,197.9000,339706,541450.BSE,Adani Green Energy Limited
2020-02-03,188.0000,195.6500,185.9500,195.6500,96940,541450.BSE,Adani Green Energy Limited
2020-01-31,184.9000,189.4500,177.0000,189.4500,108288,541450.BSE,Adani Green Energy Limited
2020-01-30,187.2000,188.0500,177.9500,180.4500,74963,541450.BSE,Adani Green Energy Limited
2020-01-29,189.1000,192.9500,185.0500,186.3500,59129,541450.BSE,Adani Green Energy Limited
2020-01-28,192.3000,196.4000,185.0000,187.4500,88238,541450.BSE,Adani Green Energy Limited
2020-01-27,191.0000,194.5000,187.3000,190.8000,79517,541450.BSE,Adani Green Energy Limited
2020-01-24,190.0000,194.9000,182.7500,190.0000,262255,541450.BSE,Adani Green Energy Limited
2020-01-23,200.9000,200.9000,190.0000,192.3500,117033,541450.BSE,Adani Green Energy Limited
2020-01-22,205.0000,208.6500,194.4000,197.5500,160958,541450.BSE,Adani Green Energy Limited
2020-01-21,199.2000,206.7500,193.0000,202.2000,290339,541450.BSE,Adani Green Energy Limited
2020-01-20,197.7500,197.7500,185.7500,197.7500,324031,541450.BSE,Adani Green Energy Limited
2020-01-17,170.7500,188.3500,170.7500,188.3500,651576,541450.BSE,Adani Green Energy Limited
2020-01-16,179.4000,179.4000,179.4000,179.4000,41603,541450.BSE,Adani Green Energy Limited
2020-01-15,188.8000,188.8000,188.8000,188.8000,9125,541450.BSE,Adani Green Energy Limited
2020-01-14,198.7000,198.7000,198.7000,198.7000,29973,541450.BSE,Adani Green Energy Limited
2020-01-13,209.1500,209.1500,209.1500,209.1500,21024,541450.BSE,Adani Green Energy Limited
2020-01-10,243.2500,243.2500,220.1500,220.1500,488344,541450.BSE,Adani Green Energy Limited
2020-01-09,231.7000,231.7000,231.7000,231.7000,22748,541450.BSE,Adani Green Energy Limited
2020-01-08,218.0000,220.7000,214.5000,220.7000,62593,541450.BSE,Adani Green Energy Limited
2020-01-07,208.8500,210.2000,204.0000,210.2000,150327,541450.BSE,Adani Green Energy Limited
2020-01-06,198.9000,202.2500,186.0000,200.2000,1101840,541450.BSE,Adani Green Energy Limited
2020-01-03,190.0000,192.6500,183.3500,192.6500,441288,541450.BSE,Adani Green Energy Limited
2020-01-02,181.3000,183.5000,177.5000,183.5000,256748,541450.BSE,Adani Green Energy Limited
2020-01-01,171.0000,174.8000,168.3500,174.8000,751327,541450.BSE,Adani Green Energy Limited
2019-12-31,166.3000,166.5000,161.6500,166.5000,386701,541450.BSE,Adani Green Energy Limited
2019-12-30,153.9000,158.6000,152.4000,158.6000,193569,541450.BSE,Adani Green Energy Limited
2019-12-27,161.8000,164.0000,149.2000,151.0500,762691,541450.BSE,Adani Green Energy Limited
2019-12-26,155.0000,156.2000,155.0000,156.2000,41635,541450.BSE,Adani Green Energy Limited
2019-12-24,146.2500,148.8000,145.6500,148.8000,143667,541450.BSE,Adani Green Energy Limited
2019-12-23,136.7000,141.7500,135.0000,141.7500,340618,541450.BSE,Adani Green Energy Limited
2019-12-20,133.1000,136.4500,133.1000,135.0000,67636,541450.BSE,Adani Green Energy Limited
2019-12-19,135.0000,135.3500,133.0000,134.1000,71097,541450.BSE,Adani Green Energy Limited
2019-12-18,135.6000,137.3500,134.1000,134.9500,65521,541450.BSE,Adani Green Energy Limited
2019-12-17,136.8000,136.9000,134.5000,135.4500,104476,541450.BSE,Adani Green Energy Limited
2019-12-16,134.8000,137.7500,132.9500,134.4000,201007,541450.BSE,Adani Green Energy Limited
2019-12-13,133.0000,135.3000,131.5500,132.6000,131970,541450.BSE,Adani Green Energy Limited
2019-12-12,134.4500,135.2500,129.6000,131.5500,211570,541450.BSE,Adani Green Energy Limited
2019-12-11,127.0000,133.3500,126.0000,132.9000,322274,541450.BSE,Adani Green Energy Limited
2019-12-10,123.0000,128.8500,123.0000,127.0000,139752,541450.BSE,Adani Green Energy Limited
2019-12-09,126.4000,126.4000,121.0000,124.4000,122074,541450.BSE,Adani Green Energy Limited
2019-12-06,130.0000,131.2500,123.5000,126.4000,188780,541450.BSE,Adani Green Energy Limited
2019-12-05,129.0000,133.6000,128.7500,129.8500,234044,541450.BSE,Adani Green Energy Limited
2019-12-04,118.5000,130.9000,118.5000,128.5500,895284,541450.BSE,Adani Green Energy Limited
2019-12-03,132.9000,132.9000,124.7000,124.7000,114550,541450.BSE,Adani Green Energy Limited
2019-12-02,137.9000,138.8500,130.3500,131.2500,387378,541450.BSE,Adani Green Energy Limited
2019-11-29,136.9000,138.7000,132.5000,137.2000,771789,541450.BSE,Adani Green Energy Limited
2019-11-28,126.7000,132.1000,126.7000,132.1000,430778,541450.BSE,Adani Green Energy Limited
2019-11-27,115.2500,126.6500,115.2500,125.8500,693972,541450.BSE,Adani Green Energy Limited
2019-11-26,114.8000,119.0000,110.8500,115.1500,519487,541450.BSE,Adani Green Energy Limited
2019-11-25,107.9000,117.0000,107.0000,114.2000,1056470,541450.BSE,Adani Green Energy Limited
2019-11-22,97.9500,106.6000,95.4500,106.6000,690437,541450.BSE,Adani Green Energy Limited
2019-11-21,99.0000,99.2000,96.4000,96.9500,121139,541450.BSE,Adani Green Energy Limited
2019-11-20,97.0000,100.5000,95.7000,98.7000,220393,541450.BSE,Adani Green Energy Limited
2019-11-19,95.5000,97.5000,91.9500,96.2000,372565,541450.BSE,Adani Green Energy Limited
2019-11-18,96.0000,96.0000,93.7000,94.0000,88442,541450.BSE,Adani Green Energy Limited
2019-11-15,96.4000,96.7000,94.5000,95.5000,207282,541450.BSE,Adani Green Energy Limited
2019-11-14,98.0000,98.5000,93.6000,94.9500,246510,541450.BSE,Adani Green Energy Limited
2019-11-13,94.5000,99.8000,94.0000,95.9500,838398,541450.BSE,Adani Green Energy Limited
2019-11-11,86.6000,95.0000,85.1500,93.6000,388211,541450.BSE,Adani Green Energy Limited
2019-11-08,89.0500,89.5000,83.5000,86.7000,265510,541450.BSE,Adani Green Energy Limited
2019-11-07,90.8000,91.1500,88.3500,88.7000,207232,541450.BSE,Adani Green Energy Limited
2019-11-06,90.6500,92.1000,89.4000,90.3000,174784,541450.BSE,Adani Green Energy Limited
2019-11-05,93.4500,93.5000,90.1500,90.6500,168183,541450.BSE,Adani Green Energy Limited
2019-11-04,89.8500,95.9000,89.7000,92.6500,444398,541450.BSE,Adani Green Energy Limited
2019-11-01,90.4500,91.0000,88.1500,89.8500,150433,541450.BSE,Adani Green Energy Limited
2019-10-31,90.2000,91.6500,88.7500,89.6500,117417,541450.BSE,Adani Green Energy Limited
2019-10-30,89.9500,92.0000,89.5000,89.8500,194164,541450.BSE,Adani Green Energy Limited
2019-10-29,90.9000,92.7000,87.2000,89.5000,271749,541450.BSE,Adani Green Energy Limited
2019-10-25,85.6500,93.1000,85.4000,88.9500,457978,541450.BSE,Adani Green Energy Limited
2019-10-24,87.9000,87.9000,85.2000,86.1000,198736,541450.BSE,Adani Green Energy Limited
2019-10-23,87.9000,89.9000,84.7500,86.6000,304848,541450.BSE,Adani Green Energy Limited
2019-10-22,90.3000,91.2500,83.4000,86.5500,477574,541450.BSE,Adani Green Energy Limited
2019-10-18,88.7500,93.5000,88.0500,89.7000,499475,541450.BSE,Adani Green Energy Limited
2019-10-17,80.6000,92.8500,80.3500,88.7000,1448722,541450.BSE,Adani Green Energy Limited
2019-10-16,80.5000,82.3000,79.5000,80.1500,224319,541450.BSE,Adani Green Energy Limited
2019-10-15,79.9500,81.3000,77.2000,79.9500,452090,541450.BSE,Adani Green Energy Limited
2019-10-14,79.5500,81.8000,72.4000,79.1000,543750,541450.BSE,Adani Green Energy Limited
2019-10-11,74.6000,79.4500,74.1500,78.8000,1029737,541450.BSE,Adani Green Energy Limited
2019-10-10,71.8500,74.5000,70.7000,73.7000,514726,541450.BSE,Adani Green Energy Limited
2019-10-09,68.0000,74.3000,67.5000,71.3000,894584,541450.BSE,Adani Green Energy Limited
2019-10-07,65.6000,68.6500,62.6000,68.0000,504040,541450.BSE,Adani Green Energy Limited
2019-10-04,62.1500,65.9000,61.3000,65.0500,642271,541450.BSE,Adani Green Energy Limited
2019-10-03,56.5000,63.1000,55.5000,61.2000,403062,541450.BSE,Adani Green Energy Limited
2019-10-01,59.9000,59.9000,55.7500,56.6500,187364,541450.BSE,Adani Green Energy Limited
2019-09-30,57.4500,61.3000,55.7500,58.2500,483635,541450.BSE,Adani Green Energy Limited
2019-09-27,59.0000,60.1000,56.0000,57.3000,291337,541450.BSE,Adani Green Energy Limited
2019-09-26,50.7000,60.4000,50.7000,59.0500,1010584,541450.BSE,Adani Green Energy Limited
2019-09-25,52.5000,53.9000,51.5000,52.5000,139524,541450.BSE,Adani Green Energy Limited
2019-09-24,53.2000,53.5000,51.1500,52.5000,164762,541450.BSE,Adani Green Energy Limited
2019-09-23,54.2000,54.2000,50.1500,51.9500,190070,541450.BSE,Adani Green Energy Limited
2019-09-20,51.0000,53.3000,49.3000,51.5500,205561,541450.BSE,Adani Green Energy Limited
2019-09-19,53.0500,53.1500,49.0000,50.1500,157231,541450.BSE,Adani Green Energy Limited
2019-09-18,55.7000,55.7500,52.1500,53.2000,113705,541450.BSE,Adani Green Energy Limited
2019-09-17,56.2500,57.2000,53.3500,54.7500,341574,541450.BSE,Adani Green Energy Limited
2019-09-16,50.0000,57.5000,49.9000,55.5500,788672,541450.BSE,Adani Green Energy Limited
2019-09-13,49.0500,50.6000,48.0000,50.2000,103656,541450.BSE,Adani Green Energy Limited
2019-09-12,49.4500,50.2500,48.4500,48.8500,93312,541450.BSE,Adani Green Energy Limited
2019-09-11,45.5500,49.1000,45.5500,48.3000,128460,541450.BSE,Adani Green Energy Limited
2019-09-09,45.0000,45.7500,44.9500,45.5500,43847,541450.BSE,Adani Green Energy Limited
2019-09-06,45.2500,45.8500,44.7500,45.0000,22926,541450.BSE,Adani Green Energy Limited
2019-09-05,44.4500,45.7500,44.4000,44.9500,27496,541450.BSE,Adani Green Energy Limited
2019-09-04,44.8000,44.8000,43.5500,43.9000,43911,541450.BSE,Adani Green Energy Limited
2019-09-03,45.3000,46.2500,43.8000,44.4500,43552,541450.BSE,Adani Green Energy Limited
2019-08-30,45.5500,47.9000,45.5500,46.2000,228949,541450.BSE,Adani Green Energy Limited
2019-08-29,43.8000,44.3000,43.0500,43.3500,27873,541450.BSE,Adani Green Energy Limited
2019-08-28,45.8000,45.8000,43.6000,44.3500,51528,541450.BSE,Adani Green Energy Limited
2019-08-27,44.5000,45.5000,43.5500,45.0500,79512,541450.BSE,Adani Green Energy Limited
2019-08-26,43.8500,44.8000,42.5500,43.6500,53911,541450.BSE,Adani Green Energy Limited
2019-08-23,43.3000,44.0500,43.0000,43.8000,41804,541450.BSE,Adani Green Energy Limited
2019-08-22,44.1000,44.5000,43.1000,43.5500,65649,541450.BSE,Adani Green Energy Limited
2019-08-21,45.5500,45.7000,43.8000,44.0000,33475,541450.BSE,Adani Green Energy Limited
2019-08-20,46.4500,46.7000,45.5000,45.8000,22512,541450.BSE,Adani Green Energy Limited
2019-08-19,47.5500,47.5500,46.0500,46.3500,44092,541450.BSE,Adani Green Energy Limited
2019-08-16,46.3000,47.6000,45.7500,46.8000,33478,541450.BSE,Adani Green Energy Limited
2019-08-14,47.0000,47.0000,46.2500,46.6000,26438,541450.BSE,Adani Green Energy Limited
2019-08-13,47.0000,47.1000,46.0000,46.5000,41723,541450.BSE,Adani Green Energy Limited
2019-08-09,47.3000,48.1500,46.1000,46.3500,81269,541450.BSE,Adani Green Energy Limited
2019-08-08,48.5000,49.5000,46.7000,47.3000,108303,541450.BSE,Adani Green Energy Limited
2019-08-07,47.6000,49.3500,47.2500,47.8500,115776,541450.BSE,Adani Green Energy Limited
2019-08-06,46.1000,48.1000,46.0000,47.4000,68948,541450.BSE,Adani Green Energy Limited
2019-08-05,45.9500,47.5000,45.1000,45.7500,74345,541450.BSE,Adani Green Energy Limited
2019-08-02,45.0000,48.1500,45.0000,46.9500,162380,541450.BSE,Adani Green Energy Limited
2019-08-01,47.2000,47.7000,45.1000,45.7000,70237,541450.BSE,Adani Green Energy Limited
2019-07-31,46.1000,47.8000,45.5000,46.7500,98847,541450.BSE,Adani Green Energy Limited
2019-07-30,49.0000,49.1000,46.0500,46.4500,86621,541450.BSE,Adani Green Energy Limited
2019-07-29,49.7000,50.0000,48.6500,48.8500,32631,541450.BSE,Adani Green Energy Limited
2019-07-26,48.7500,50.3500,48.2000,49.6000,112806,541450.BSE,Adani Green Energy Limited
2019-07-25,48.8000,49.4000,48.3500,48.7500,65700,541450.BSE,Adani Green Energy Limited
2019-07-24,49.1500,49.5000,48.2000,48.3500,95983,541450.BSE,Adani Green Energy Limited
2019-07-23,46.8000,49.3000,46.8000,48.7500,131743,541450.BSE,Adani Green Energy Limited
2019-07-22,45.0000,47.3000,44.8000,46.8000,85769,541450.BSE,Adani Green Energy Limited
2019-07-19,47.7000,47.9000,45.3500,45.8500,107853,541450.BSE,Adani Green Energy Limited
2019-07-18,48.4500,49.8500,47.0000,47.5000,186931,541450.BSE,Adani Green Energy Limited
2019-07-17,49.5000,50.0000,48.2500,48.4500,139825,541450.BSE,Adani Green Energy Limited
2019-07-16,48.6000,49.8000,48.1000,49.2000,248846,541450.BSE,Adani Green Energy Limited
2019-07-15,50.0000,51.0000,48.1000,48.5500,150442,541450.BSE,Adani Green Energy Limited
2019-07-12,49.4000,50.7500,49.0000,49.5500,197401,541450.BSE,Adani Green Energy Limited
2019-07-11,49.9000,50.7000,48.4000,49.4000,201341,541450.BSE,Adani Green Energy Limited
2019-07-10,50.0000,52.9000,48.1500,49.1000,553792,541450.BSE,Adani Green Energy Limited
2019-07-09,45.0000,51.7500,43.3000,49.6500,867187,541450.BSE,Adani Green Energy Limited
2019-07-08,47.5500,47.5500,44.3000,44.9500,264340,541450.BSE,Adani Green Energy Limited
2019-07-05,52.0000,52.0000,46.9000,47.5500,308443,541450.BSE,Adani Green Energy Limited
2019-07-04,53.9000,53.9000,50.3000,51.0500,366371,541450.BSE,Adani Green Energy Limited
2019-07-03,50.4500,54.0000,50.4500,52.0000,758098,541450.BSE,Adani Green Energy Limited
2019-07-02,45.8500,51.8500,45.7500,50.2500,1469333,541450.BSE,Adani Green Energy Limited
2019-07-01,44.7000,46.1500,44.5000,45.5500,198683,541450.BSE,Adani Green Energy Limited
2019-06-28,43.0000,45.4500,43.0000,44.4500,431149,541450.BSE,Adani Green Energy Limited
2019-06-27,41.6500,43.2500,41.6000,42.6000,58758,541450.BSE,Adani Green Energy Limited
2019-06-26,41.5000,41.7500,41.2000,41.5000,47639,541450.BSE,Adani Green Energy Limited
2019-06-25,40.9500,41.9000,40.8000,41.4000,69244,541450.BSE,Adani Green Energy Limited
2019-06-24,41.3500,41.6000,40.9500,41.2000,35119,541450.BSE,Adani Green Energy Limited
2019-06-21,42.4500,42.4500,39.5000,41.2500,101907,541450.BSE,Adani Green Energy Limited
2019-06-20,40.9500,42.0000,40.2500,40.9000,165209,541450.BSE,Adani Green Energy Limited
2019-06-19,41.2500,41.8000,38.6000,39.6500,152740,541450.BSE,Adani Green Energy Limited
2019-06-18,41.7000,42.3000,40.2500,40.8000,96018,541450.BSE,Adani Green Energy Limited
2019-06-17,42.9500,42.9500,41.4500,41.8000,59023,541450.BSE,Adani Green Energy Limited
2019-06-14,43.5000,44.0000,42.5500,42.7000,81575,541450.BSE,Adani Green Energy Limited
2019-06-13,43.5000,43.6000,42.2000,43.5000,132368,541450.BSE,Adani Green Energy Limited
2019-06-12,42.9500,43.7500,42.8000,43.0500,154936,541450.BSE,Adani Green Energy Limited
2019-06-11,42.8000,43.1000,41.9500,42.5500,63332,541450.BSE,Adani Green Energy Limited
2019-06-10,44.0000,44.1500,42.7000,42.8500,61800,541450.BSE,Adani Green Energy Limited
2019-06-07,44.6500,44.9000,43.1000,43.4000,97522,541450.BSE,Adani Green Energy Limited
2019-06-06,45.8000,46.0000,44.0000,44.3500,130497,541450.BSE,Adani Green Energy Limited
2019-06-04,44.4000,46.1000,43.6000,45.0500,213360,541450.BSE,Adani Green Energy Limited
2019-06-03,43.3000,45.0000,40.9500,44.0500,186737,541450.BSE,Adani Green Energy Limited
2019-05-31,44.6500,45.1000,41.9500,43.1000,149007,541450.BSE,Adani Green Energy Limited
2019-05-30,45.0000,45.2000,44.3500,44.6500,103543,541450.BSE,Adani Green Energy Limited
2019-05-29,45.4500,46.1000,44.0000,44.2500,171080,541450.BSE,Adani Green Energy Limited
2019-05-28,43.5500,46.8000,43.0000,45.2000,574173,541450.BSE,Adani Green Energy Limited
2019-05-27,42.4500,44.0500,42.4500,43.1000,141928,541450.BSE,Adani Green Energy Limited
2019-05-24,44.0000,44.2500,41.6500,42.4500,193106,541450.BSE,Adani Green Energy Limited
2019-05-23,46.0000,47.2500,43.2000,43.6000,526582,541450.BSE,Adani Green Energy Limited
2019-05-22,44.0000,44.3000,42.5000,44.0000,197780,541450.BSE,Adani Green Energy Limited
2019-05-21,44.1500,45.3000,43.3000,43.5500,446730,541450.BSE,Adani Green Energy Limited
2019-05-20,41.0500,43.8000,41.0500,43.0000,422446,541450.BSE,Adani Green Energy Limited
2019-05-17,37.3500,37.7500,36.6500,37.4000,75927,541450.BSE,Adani Green Energy Limited
2019-05-16,37.5000,37.6000,35.6000,36.8000,194012,541450.BSE,Adani Green Energy Limited
2019-05-15,38.3500,39.8000,37.1000,37.6000,105346,541450.BSE,Adani Green Energy Limited
2019-05-14,37.8500,38.1500,36.9500,37.9000,98929,541450.BSE,Adani Green Energy Limited
2019-05-13,39.5000,39.9000,37.5500,37.9000,50716,541450.BSE,Adani Green Energy Limited
2019-05-10,39.9500,39.9500,38.6000,38.9500,48506,541450.BSE,Adani Green Energy Limited
2019-05-09,38.2000,39.5000,37.6000,39.0500,82365,541450.BSE,Adani Green Energy Limited
2019-05-08,39.9000,40.1500,38.0000,38.2500,144363,541450.BSE,Adani Green Energy Limited
2019-05-07,41.2000,41.6000,39.4500,39.7500,154311,541450.BSE,Adani Green Energy Limited
2019-05-06,40.8500,41.5500,40.0000,40.4500,87747,541450.BSE,Adani Green Energy Limited
2019-05-03,42.4000,43.6000,41.4500,41.8500,96013,541450.BSE,Adani Green Energy Limited
2019-05-02,40.0000,43.9000,39.3000,41.7000,182512,541450.BSE,Adani Green Energy Limited
2019-04-30,43.0000,43.0000,40.0000,40.2500,249938,541450.BSE,Adani Green Energy Limited
2019-04-26,43.8000,44.3500,42.6000,43.1000,187999,541450.BSE,Adani Green Energy Limited
2019-04-25,45.0500,45.1500,43.6000,43.9500,129511,541450.BSE,Adani Green Energy Limited
2019-04-24,44.9500,45.4500,44.3000,44.7500,214516,541450.BSE,Adani Green Energy Limited
2019-04-23,44.0000,46.2000,44.0000,44.2500,246973,541450.BSE,Adani Green Energy Limited
2019-04-22,44.8000,46.9500,43.8500,44.6500,453940,541450.BSE,Adani Green Energy Limited
2019-04-18,44.7000,48.0000,41.4000,45.0500,1162151,541450.BSE,Adani Green Energy Limited
2019-04-16,37.5000,44.8000,37.5000,44.5000,2124199,541450.BSE,Adani Green Energy Limited
2019-04-15,37.0500,37.5500,37.0000,37.3500,58809,541450.BSE,Adani Green Energy Limited
2019-04-12,36.1000,37.3500,36.1000,36.9000,43299,541450.BSE,Adani Green Energy Limited
2019-04-11,37.4500,37.4500,35.0000,36.1000,98136,541450.BSE,Adani Green Energy Limited
2019-04-10,37.9000,38.1000,36.6000,36.9000,62828,541450.BSE,Adani Green Energy Limited
2019-04-09,38.0000,38.0000,36.2000,36.9000,45683,541450.BSE,Adani Green Energy Limited
2019-04-08,37.4500,37.4500,36.0000,36.3000,146645,541450.BSE,Adani Green Energy Limited
2019-04-05,37.1000,37.3500,36.5000,36.6500,42187,541450.BSE,Adani Green Energy Limited
2019-04-04,37.2500,37.8000,36.5000,37.1000,73081,541450.BSE,Adani Green Energy Limited
2019-04-03,37.8500,38.3000,37.0000,37.4000,73696,541450.BSE,Adani Green Energy Limited
2019-04-02,39.1500,39.2500,37.7500,37.9000,127183,541450.BSE,Adani Green Energy Limited
2019-04-01,37.3000,39.2000,37.3000,38.6000,139286,541450.BSE,Adani Green Energy Limited
2019-03-29,36.0000,38.4000,35.5000,37.2500,322427,541450.BSE,Adani Green Energy Limited
2019-03-28,35.1500,37.5500,35.0000,36.0500,67654,541450.BSE,Adani Green Energy Limited
2019-03-27,35.2500,36.6000,35.2500,35.4500,84901,541450.BSE,Adani Green Energy Limited
2019-03-26,35.4000,36.2500,34.9000,35.8500,67779,541450.BSE,Adani Green Energy Limited
2019-03-25,35.5500,35.9000,34.7000,35.0500,52439,541450.BSE,Adani Green Energy Limited
2019-03-22,36.6500,37.0000,35.5000,36.0000,60653,541450.BSE,Adani Green Energy Limited
2019-03-20,37.0500,37.4000,36.2000,36.4000,53226,541450.BSE,Adani Green Energy Limited
2019-03-19,37.9500,37.9500,36.9000,37.0500,60058,541450.BSE,Adani Green Energy Limited
2019-03-18,38.1000,38.5000,37.0000,37.5000,79276,541450.BSE,Adani Green Energy Limited
2019-03-15,39.2000,39.6000,37.3000,37.9500,163720,541450.BSE,Adani Green Energy Limited
2019-03-14,40.4000,40.4000,38.2500,38.5000,139447,541450.BSE,Adani Green Energy Limited
2019-03-13,39.5000,41.6500,38.6000,39.8500,326042,541450.BSE,Adani Green Energy Limited
2019-03-12,36.5000,40.7000,36.4000,39.1500,528124,541450.BSE,Adani Green Energy Limited
2019-03-11,35.6500,36.3500,35.3500,36.2500,85295,541450.BSE,Adani Green Energy Limited
2019-03-08,35.4000,35.9500,34.7500,35.0500,67698,541450.BSE,Adani Green Energy Limited
2019-03-07,36.4500,36.4500,35.0500,35.6500,89806,541450.BSE,Adani Green Energy Limited
2019-03-06,37.0000,37.9000,35.2000,35.5000,193380,541450.BSE,Adani Green Energy Limited
2019-03-05,34.6500,37.4000,34.2500,36.4000,181860,541450.BSE,Adani Green Energy Limited
2019-03-01,33.6500,35.2500,33.3500,34.2500,146924,541450.BSE,Adani Green Energy Limited
2019-02-28,33.0000,33.5000,32.6500,33.0500,39150,541450.BSE,Adani Green Energy Limited
2019-02-27,33.5500,34.4500,32.0000,32.8000,123248,541450.BSE,Adani Green Energy Limited
2019-02-26,32.0000,33.2500,30.6000,32.9000,125479,541450.BSE,Adani Green Energy Limited
2019-02-25,33.3000,33.6000,32.4000,32.9000,40353,541450.BSE,Adani Green Energy Limited
2019-02-22,30.3500,32.8500,30.3500,32.7000,80769,541450.BSE,Adani Green Energy Limited
2019-02-21,31.0000,31.4000,30.7000,30.9000,40996,541450.BSE,Adani Green Energy Limited
2019-02-20,31.3000,31.5500,30.7500,30.9000,32098,541450.BSE,Adani Green Energy Limited
2019-02-19,30.7000,31.5000,30.5500,30.7000,50689,541450.BSE,Adani Green Energy Limited
2019-02-18,31.0000,31.5000,30.0500,30.1000,69810,541450.BSE,Adani Green Energy Limited
2019-02-15,31.7000,32.6000,30.9000,31.0000,65670,541450.BSE,Adani Green Energy Limited
2019-02-14,32.9500,33.6000,31.7000,31.9500,71985,541450.BSE,Adani Green Energy Limited
2019-02-13,32.9000,34.6000,31.2000,32.4500,158684,541450.BSE,Adani Green Energy Limited
2019-02-12,32.6500,33.2500,31.7000,32.0500,43873,541450.BSE,Adani Green Energy Limited
2019-02-11,34.2000,34.2000,32.8000,33.0000,34881,541450.BSE,Adani Green Energy Limited
2019-02-08,33.9000,34.6500,33.0500,33.8500,34693,541450.BSE,Adani Green Energy Limited
2019-02-07,32.5500,37.7000,32.5500,34.6000,169639,541450.BSE,Adani Green Energy Limited
2019-02-06,34.5000,34.5000,33.0000,33.2500,30900,541450.BSE,Adani Green Energy Limited
2019-02-05,33.4000,34.0500,32.9500,33.1500,33062,541450.BSE,Adani Green Energy Limited
2019-02-04,35.8000,36.2500,33.2000,33.7500,90612,541450.BSE,Adani Green Energy Limited
2019-02-01,36.4500,36.8500,33.0500,35.7000,73885,541450.BSE,Adani Green Energy Limited
2019-01-31,38.0000,39.9000,35.2000,35.7000,108525,541450.BSE,Adani Green Energy Limited
2019-01-30,35.0500,38.0000,33.9500,37.4000,71002,541450.BSE,Adani Green Energy Limited
2019-01-29,33.3500,35.7000,32.5500,34.8000,115632,541450.BSE,Adani Green Energy Limited
2019-01-28,35.0000,35.6500,31.7000,32.5500,107798,541450.BSE,Adani Green Energy Limited
2019-01-25,37.0000,37.5500,34.6000,35.1500,54521,541450.BSE,Adani Green Energy Limited
2019-01-24,38.0000,38.1500,37.0000,37.1500,23779,541450.BSE,Adani Green Energy Limited
2019-01-23,37.6000,38.3500,37.6000,38.0500,17264,541450.BSE,Adani Green Energy Limited
2019-01-22,37.6000,38.9500,36.5000,37.8500,39197,541450.BSE,Adani Green Energy Limited
2019-01-21,40.0000,40.0000,38.0000,38.1500,29646,541450.BSE,Adani Green Energy Limited
2019-01-18,40.0000,40.0000,38.3500,38.7000,23420,541450.BSE,Adani Green Energy Limited
2019-01-17,39.5000,40.2500,39.0000,39.3500,45882,541450.BSE,Adani Green Energy Limited
2019-01-16,39.0000,39.3000,38.9000,39.1000,17147,541450.BSE,Adani Green Energy Limited
2019-01-15,40.0000,40.1000,38.7000,38.9000,38390,541450.BSE,Adani Green Energy Limited
2019-01-14,40.8000,40.8000,39.5000,39.8000,24675,541450.BSE,Adani Green Energy Limited
2019-01-11,40.2500,41.6000,39.6000,39.9000,71857,541450.BSE,Adani Green Energy Limited
2019-01-10,40.7000,41.0500,40.4500,40.7500,10092,541450.BSE,Adani Green Energy Limited
2019-01-09,40.6500,41.2500,40.5000,40.7500,29989,541450.BSE,Adani Green Energy Limited
2019-01-08,41.0000,41.5500,40.6000,41.0000,68910,541450.BSE,Adani Green Energy Limited
2019-01-07,41.0000,42.0000,40.8500,41.0500,42392,541450.BSE,Adani Green Energy Limited
2019-01-04,41.3000,41.3500,40.2000,40.7500,38130,541450.BSE,Adani Green Energy Limited
2019-01-03,41.9500,42.1500,40.9000,41.0000,33255,541450.BSE,Adani Green Energy Limited
2019-01-02,42.4000,42.4000,40.7000,41.1000,57004,541450.BSE,Adani Green Energy Limited
2019-01-01,41.5000,41.9000,41.2000,41.3500,19843,541450.BSE,Adani Green Energy Limited
2018-12-31,41.6500,42.4000,41.6500,41.9000,47980,541450.BSE,Adani Green Energy Limited
2018-12-28,42.0000,42.5500,41.4500,41.6500,39802,541450.BSE,Adani Green Energy Limited
2018-12-27,42.3500,42.7500,41.3000,41.5500,36741,541450.BSE,Adani Green Energy Limited
2018-12-26,42.7000,42.7000,40.0500,41.6500,83213,541450.BSE,Adani Green Energy Limited
2018-12-24,42.0000,43.0500,42.0000,42.2500,27980,541450.BSE,Adani Green Energy Limited
2018-12-21,44.0000,44.3000,42.3500,42.5500,95949,541450.BSE,Adani Green Energy Limited
2018-12-20,43.9000,44.7000,43.2000,43.8000,58632,541450.BSE,Adani Green Energy Limited
2018-12-19,44.8000,44.8500,44.0500,44.3000,64293,541450.BSE,Adani Green Energy Limited
2018-12-18,44.4000,46.7000,43.5500,44.3000,243989,541450.BSE,Adani Green Energy Limited
2018-12-17,44.0000,45.7500,44.0000,44.6500,37771,541450.BSE,Adani Green Energy Limited
2018-12-14,44.0000,45.9000,44.0000,44.3500,32219,541450.BSE,Adani Green Energy Limited
2018-12-13,45.4000,45.5000,44.0000,44.2000,54230,541450.BSE,Adani Green Energy Limited
2018-12-12,44.1000,45.6000,44.1000,44.6500,65037,541450.BSE,Adani Green Energy Limited
2018-12-11,41.0000,44.9000,39.6000,43.3500,211949,541450.BSE,Adani Green Energy Limited
2018-12-10,43.8000,43.8000,40.0000,41.2500,111423,541450.BSE,Adani Green Energy Limited
2018-12-07,45.7500,46.4000,43.4000,44.3500,101321,541450.BSE,Adani Green Energy Limited
2018-12-06,46.9500,47.7500,45.0000,45.4000,164550,541450.BSE,Adani Green Energy Limited
2018-12-05,44.1500,47.5500,44.1000,46.6000,385246,541450.BSE,Adani Green Energy Limited
2018-12-04,45.8500,46.6500,44.9500,45.3000,44507,541450.BSE,Adani Green Energy Limited
2018-12-03,47.1000,47.5000,45.8000,46.0500,57298,541450.BSE,Adani Green Energy Limited
2018-11-30,47.5000,48.5500,46.0000,46.7500,93430,541450.BSE,Adani Green Energy Limited
2018-11-29,48.2500,49.8000,47.2500,47.5000,102695,541450.BSE,Adani Green Energy Limited
2018-11-28,50.4000,50.4000,47.0500,48.0500,272995,541450.BSE,Adani Green Energy Limited
2018-11-27,49.8000,50.4000,48.9000,49.5000,257831,541450.BSE,Adani Green Energy Limited
2018-11-26,46.6500,48.0000,46.4000,48.0000,515206,541450.BSE,Adani Green Energy Limited
2018-11-22,44.3000,45.7500,43.9000,45.7500,575633,541450.BSE,Adani Green Energy Limited
2018-11-21,41.2500,43.6000,41.2000,43.6000,138084,541450.BSE,Adani Green Energy Limited
2018-11-20,40.8000,42.9500,40.8000,41.5500,64101,541450.BSE,Adani Green Energy Limited
2018-11-19,42.5000,42.6000,40.7500,41.3500,59714,541450.BSE,Adani Green Energy Limited
2018-11-16,43.9000,44.6500,41.9000,42.6500,90292,541450.BSE,Adani Green Energy Limited
2018-11-15,42.1000,44.2000,42.1000,43.4500,55895,541450.BSE,Adani Green Energy Limited
2018-11-14,42.9000,43.9500,42.0000,42.7500,111725,541450.BSE,Adani Green Energy Limited
2018-11-13,43.1500,43.1500,41.5000,42.1500,80622,541450.BSE,Adani Green Energy Limited
2018-11-12,46.0000,46.0000,43.1500,43.2000,79295,541450.BSE,Adani Green Energy Limited
2018-11-09,46.7500,46.7500,44.0000,45.4000,118371,541450.BSE,Adani Green Energy Limited
2018-11-06,45.4000,45.5500,42.5000,43.1500,394036,541450.BSE,Adani Green Energy Limited
2018-11-05,42.0000,43.4000,42.0000,43.4000,317344,541450.BSE,Adani Green Energy Limited
2018-11-02,42.1000,42.8500,41.2500,41.3500,175529,541450.BSE,Adani Green Energy Limited
2018-11-01,39.5000,41.5000,38.1000,41.2500,182417,541450.BSE,Adani Green Energy Limited
2018-10-31,39.9000,40.6500,37.5000,39.5500,416955,541450.BSE,Adani Green Energy Limited
2018-10-30,39.9500,39.9500,38.5000,39.4500,1127114,541450.BSE,Adani Green Energy Limited
2018-10-29,38.0500,38.0500,37.8000,38.0500,491842,541450.BSE,Adani Green Energy Limited
2018-10-26,36.3500,37.3500,35.7000,36.2500,68133,541450.BSE,Adani Green Energy Limited
2018-10-25,37.0000,37.9000,35.6000,36.2000,143981,541450.BSE,Adani Green Energy Limited
2018-10-24,36.0000,37.0000,36.0000,37.0000,236629,541450.BSE,Adani Green Energy Limited
2018-10-23,35.2000,35.8000,34.1000,35.2500,73635,541450.BSE,Adani Green Energy Limited
2018-10-22,37.5000,38.8000,35.6500,35.8000,87376,541450.BSE,Adani Green Energy Limited
2018-10-19,39.2000,39.6000,37.4500,37.4500,118268,541450.BSE,Adani Green Energy Limited
2018-10-17,40.6000,40.6000,39.0000,39.4000,590006,541450.BSE,Adani Green Energy Limited
2018-10-16,37.7000,38.7000,37.5000,38.7000,549558,541450.BSE,Adani Green Energy Limited
2018-10-15,35.9000,37.0000,35.2500,36.9000,1387767,541450.BSE,Adani Green Energy Limited
2018-10-12,35.2500,35.2500,34.6000,35.2500,2309083,541450.BSE,Adani Green Energy Limited
2018-10-11,33.2500,33.6000,32.0000,33.6000,57826,541450.BSE,Adani Green Energy Limited
2018-10-10,29.2000,32.0000,29.1500,32.0000,26213,541450.BSE,Adani Green Energy Limited
2018-10-09,30.7000,32.1000,30.5000,30.5000,122428,541450.BSE,Adani Green Energy Limited
2018-10-08,32.1500,34.0000,32.1000,32.1000,124963,541450.BSE,Adani Green Energy Limited
2018-10-05,33.7500,33.7500,33.7500,33.7500,25072,541450.BSE,Adani Green Energy Limited
2018-10-04,35.6500,35.6500,35.5000,35.5000,21079,541450.BSE,Adani Green Energy Limited
2018-10-03,40.0000,40.0000,37.3500,37.3500,94249,541450.BSE,Adani Green Energy Limited
2018-10-01,39.0000,40.9500,38.9500,39.3000,51032,541450.BSE,Adani Green Energy Limited
2018-09-28,43.5000,43.5000,41.0000,41.0000,33830,541450.BSE,Adani Green Energy Limited
2018-09-27,45.1000,46.0000,43.1500,43.1500,55765,541450.BSE,Adani Green Energy Limited
2018-09-26,46.5000,47.0500,45.0000,45.4000,138348,541450.BSE,Adani Green Energy Limited
2018-09-25,44.8500,46.9000,44.8500,44.8500,112723,541450.BSE,Adani Green Energy Limited
2018-09-24,49.6000,49.6000,47.2000,47.2000,72559,541450.BSE,Adani Green Energy Limited
2018-09-21,51.7000,52.9000,49.6000,49.6500,53246,541450.BSE,Adani Green Energy Limited
2018-09-19,54.5000,54.5000,51.8500,52.2000,27218,541450.BSE,Adani Green Energy Limited
2018-09-18,53.7500,54.7000,53.2500,53.4500,29447,541450.BSE,Adani Green Energy Limited
2018-09-17,56.8000,56.8000,52.8000,53.7000,95982,541450.BSE,Adani Green Energy Limited
2018-09-14,55.0000,55.1000,52.7500,55.1000,72083,541450.BSE,Adani Green Energy Limited
2018-09-12,53.0000,53.8000,51.2000,52.5000,51136,541450.BSE,Adani Green Energy Limited
2018-09-11,55.0000,55.3000,52.3000,52.9000,51162,541450.BSE,Adani Green Energy Limited
2018-09-10,56.0000,56.1000,53.8000,54.5000,61687,541450.BSE,Adani Green Energy Limited
2018-09-07,56.4000,57.5000,55.1000,55.9000,165488,541450.BSE,Adani Green Energy Limited
2018-09-06,52.7000,55.2500,52.7000,55.2500,238929,541450.BSE,Adani Green Energy Limited
2018-09-05,51.4000,53.6000,51.0000,52.6500,70639,541450.BSE,Adani Green Energy Limited
2018-09-04,56.2000,56.9500,53.5000,53.5000,85776,541450.BSE,Adani Green Energy Limited
2018-09-03,57.7500,58.4000,55.5000,56.3000,73958,541450.BSE,Adani Green Energy Limited
2018-08-31,59.3500,60.0000,57.4000,57.7000,102941,541450.BSE,Adani Green Energy Limited
2018-08-30,62.0000,62.7000,58.6500,59.3500,182037,541450.BSE,Adani Green Energy Limited
2018-08-29,60.7500,61.4000,58.4000,61.0500,1282267,541450.BSE,Adani Green Energy Limited
2018-08-28,56.4000,58.5000,55.3500,58.5000,196564,541450.BSE,Adani Green Energy Limited
2018-08-27,55.9000,57.5500,53.1500,55.7500,168938,541450.BSE,Adani Green Energy Limited
2018-08-24,58.9000,58.9000,55.5500,55.8500,110771,541450.BSE,Adani Green Energy Limited
2018-08-23,59.4000,59.9000,55.7000,57.3000,264382,541450.BSE,Adani Green Energy Limited
2018-08-21,59.3500,60.6500,56.3000,57.2000,661720,541450.BSE,Adani Green Energy Limited
2018-08-20,55.0000,57.8000,55.0000,57.8000,201684,541450.BSE,Adani Green Energy Limited
2018-08-17,54.6000,60.3000,54.6000,55.0500,1657851,541450.BSE,Adani Green Energy Limited
2018-08-16,57.4500,57.4500,57.4500,57.4500,5037,541450.BSE,Adani Green Energy Limited
2018-08-14,60.4500,60.4500,60.4500,60.4500,10741,541450.BSE,Adani Green Energy Limited
2018-08-13,63.6000,63.6000,63.6000,63.6000,35465,541450.BSE,Adani Green Energy Limited
2018-08-10,61.1000,66.9000,60.6000,66.9000,1998529,541450.BSE,Adani Green Energy Limited
2018-08-09,63.7500,63.7500,63.7500,63.7500,5870,541450.BSE,Adani Green Energy Limited
2018-08-08,67.1000,67.1000,67.1000,67.1000,8491,541450.BSE,Adani Green Energy Limited
2018-08-07,70.6000,77.6000,70.6000,70.6000,207811,541450.BSE,Adani Green Energy Limited
2018-08-06,74.3000,74.3000,74.3000,74.3000,80701,541450.BSE,Adani Green Energy Limited
2018-08-03,70.8000,70.8000,70.8000,70.8000,240972,541450.BSE,Adani Green Energy Limited
2018-08-02,67.4500,67.4500,66.0000,67.4500,583583,541450.BSE,Adani Green Energy Limited
2018-08-01,62.8000,64.2500,62.0000,64.2500,612655,541450.BSE,Adani Green Energy Limited
2018-07-31,61.2000,61.2000,58.0000,61.2000,1226605,541450.BSE,Adani Green Energy Limited
2018-07-30,52.2000,58.3000,52.2000,58.3000,607552,541450.BSE,Adani Green Energy Limited
2018-07-27,54.7500,54.8500,52.0000,53.0000,396140,541450.BSE,Adani Green Energy Limited
2018-07-26,55.9000,56.3000,48.2000,52.5500,1304579,541450.BSE,Adani Green Energy Limited
2018-07-25,50.5000,51.2000,49.1000,51.2000,112803,541450.BSE,Adani Green Energy Limited
2018-07-24,46.4000,46.5500,45.5500,46.5500,389596,541450.BSE,Adani Green Energy Limited
2018-07-23,38.0000,42.3500,37.1500,42.3500,554484,541450.BSE,Adani Green Energy Limited
2018-07-20,29.5000,35.4000,29.5000,35.3000,1434884,541450.BSE,Adani Green Energy Limited
2018-07-19,29.7500,30.3500,28.2000,29.5000,113951,541450.BSE,Adani Green Energy Limited
2018-07-18,31.4500,31.7000,29.6000,29.8500,73191,541450.BSE,Adani Green Energy Limited
2018-07-17,31.9500,31.9500,31.0500,31.4500,73992,541450.BSE,Adani Green Energy Limited
2018-07-16,32.5000,32.9000,31.0000,31.5500,142697,541450.BSE,Adani Green Energy Limited
2018-07-13,32.4500,32.5500,31.2000,31.5000,133986,541450.BSE,Adani Green Energy Limited
2018-07-12,32.0500,32.8000,30.9500,31.1500,147573,541450.BSE,Adani Green Energy Limited
2018-07-11,31.9000,33.4500,30.4500,32.2000,360476,541450.BSE,Adani Green Energy Limited
2018-07-10,30.0000,31.8500,30.0000,31.0000,75633,541450.BSE,Adani Green Energy Limited
2018-07-09,31.0000,31.5500,30.0000,30.8000,118363,541450.BSE,Adani Green Energy Limited
2018-07-06,30.0000,30.9000,29.0500,30.0500,114909,541450.BSE,Adani Green Energy Limited
2018-07-05,29.6000,32.0500,29.0000,29.6000,331428,541450.BSE,Adani Green Energy Limited
2018-07-04,26.3000,30.0000,25.8500,29.7500,223906,541450.BSE,Adani Green Energy Limited
2018-07-03,26.0000,26.4500,24.8000,26.2500,61966,541450.BSE,Adani Green Energy Limited
2018-07-02,27.0000,27.4000,22.7500,25.0500,249595,541450.BSE,Adani Green Energy Limited
2018-06-29,24.6500,27.1500,24.6500,27.1500,327896,541450.BSE,Adani Green Energy Limited
2018-06-28,26.0000,26.3500,25.9000,25.9000,2880972,541450.BSE,Adani Green Energy Limited
2018-06-27,28.7500,28.9000,27.2500,27.2500,30411,541450.BSE,Adani Green Energy Limited
2018-06-26,29.0000,29.0000,27.5000,28.6500,2877468,541450.BSE,Adani Green Energy Limited
2018-06-25,29.4000,30.3500,28.6000,28.8500,2560447,541450.BSE,Adani Green Energy Limited
2018-06-22,28.5000,30.2500,28.4000,29.4500,1772781,541450.BSE,Adani Green Energy Limited
2018-06-21,30.9000,30.9000,29.8000,29.8500,80734,541450.BSE,Adani Green Energy Limited
2018-06-20,32.3000,32.3000,29.7000,31.3500,584353,541450.BSE,Adani Green Energy Limited
2018-06-19,30.8500,30.8500,30.8500,30.8500,4256,541450.BSE,Adani Green Energy Limited
2018-06-18,28.0000,29.4000,27.0000,29.4000,177326,541450.BSE,Adani Green Energy Limited
